{
  "THREAT_ZONE_1": 0.3136867933040868,
  "THREAT_ZONE_2": 0.5899918920793781,
  "P01_Z1_AA_AC_2_O": 0.08887176777547089,
  "P02_Z1_AE_DT_2_U": 0.8431551836584382,
  "P03_Z1_ER_DT_2_U": 0.253032083535787,
  "P05_Z2_CA_AT_1_O": 0.040398134369924815,
  "P06_Z2_AA_DC_2_U": 0.7993662052600983,
  "P07_Z2_AE_DT_2_U": 0.7099743413361259,
  "P08_Z2_EE_DT_2_O": 0.9443834269821126,
  "P10_Z3_CC_DT_2_U": 0.908509319921411,
  "P11_Z3_CA_DT_2_U": 0.5472004729941632,
  "RANK_2_THREAT": 0.7483321853738599,
  "RANK_3_THREAT": 0.4189166062705499,
  "RANK_4_THREAT": 0.07272910437143057,
  "RANK_1_THREAT": 1.0
}